Rk,Player,Tm,FantPos,Age,G,GS,Cmp,Att,Yds,TD,Int,Att,Yds,Y/A,TD,Tgt,Rec,Yds,Y/R,TD,Fmb,FL,TD,2PM,2PP,FantPt,PPR,DKPt,FDPt,VBD,PosRank,OvRank
1,Derrick Henry,BAL,RB,30,9,9,0,0,0,0,0,168,1052,6.26,11,11,9,93,10.33,2,2,0,13,,,193,201.5,204.5,197,96,1,1
2,Lamar Jackson,BAL,QB,27,9,9,174,255,2379,20,2,84,505,6.01,2,0,0,0,,0,6,4,2,,,226,225.7,237.7,227.7,78,1,2
3,Saquon Barkley,PHI,RB,27,8,8,0,0,0,0,0,157,925,5.89,6,25,20,146,7.3,2,1,1,8,2,,157,177.1,184.1,167.1,63,2,3
4,Baker Mayfield,TAM,QB,29,9,9,225,315,2389,23,9,33,189,5.73,2,0,0,0,,0,4,0,2,,1,202,202.5,217.5,211.5,56,2,4
5,Ja'Marr Chase,CIN,WR,24,9,9,0,0,0,0,0,1,11,11,0,70,55,717,13.04,7,0,0,7,,,115,169.8,172.8,142.3,52,1,5
6,Alvin Kamara,NOR,RB,29,9,9,0,0,0,0,0,150,660,4.4,6,63,46,367,7.98,1,1,0,7,,,145,190.7,196.7,167.7,51,3,6
7,Justin Jefferson,MIN,WR,25,8,8,1,1,22,0,0,1,3,3,0,69,48,783,16.31,5,1,0,5,,,109,157.5,160.5,133.5,47,2,7
8,George Kittle,SFO,TE,31,7,7,0,0,0,0,0,0,0,,0,49,40,503,12.58,6,0,0,6,,,86,126.3,129.3,106.3,39,1,8
9,Jahmyr Gibbs,DET,RB,22,8,1,0,0,0,0,0,103,656,6.37,7,25,20,165,8.25,1,0,0,8,,,130,150.1,156.1,140.1,38,4,9
10,Jayden Daniels,WAS,QB,24,9,9,163,228,1945,9,2,82,459,5.6,4,0,0,0,,0,3,0,4,,1,182,181.7,189.7,183.7,37,3,10
11,Kyren Williams,LAR,RB,24,8,8,0,0,0,0,0,161,602,3.74,8,25,20,116,5.8,2,2,1,10,,,130,149.8,156.8,139.8,37,5,11
12,Josh Allen,BUF,QB,28,9,9,168,262,2001,17,2,47,211,4.49,3,0,0,0,,0,5,2,3,,1,181,181.1,191.1,183.1,36,4,12
13,Jayden Reed,GNB,WR,24,9,4,0,0,0,0,0,11,110,10,1,47,36,620,17.22,3,1,0,4,,,97,133,139,115,35,3,13
14,Garrett Wilson,NYJ,WR,24,9,9,0,0,0,0,0,1,5,5,0,94,60,663,11.05,5,1,1,5,1,,97,156.8,160.8,126.8,35,4,14
15,Joe Burrow,CIN,QB,28,9,9,212,302,2244,20,4,27,117,4.33,1,0,0,0,,0,3,1,1,,,177,177.5,188.5,181.5,33,5,15
16,Brian Thomas,JAX,WR,22,9,8,0,0,0,0,0,3,15,5,0,53,35,595,17,5,0,0,5,2,,95,130,133,112.5,33,6,16
17,CeeDee Lamb,DAL,WR,25,8,8,0,0,0,0,0,10,52,5.2,0,84,53,660,12.45,4,1,1,4,1,,95,148.2,152.2,121.7,33,5,17
18,Jalen Hurts,PHI,QB,26,8,8,150,215,1774,10,4,86,322,3.74,8,0,0,0,,0,5,3,8,,,177,177.2,190.2,181.2,32,6,18
19,Bijan Robinson,ATL,RB,22,9,9,0,0,0,0,0,135,632,4.68,4,42,38,303,7.97,1,0,0,5,,,124,161.5,167.5,142.5,32,6,19
20,Terry McLaurin,WAS,WR,29,9,9,0,0,0,0,0,2,2,1,0,60,42,598,14.24,6,1,1,6,,,94,136,140,115,32,7,20
21,Drake London,ATL,WR,23,9,9,0,0,0,0,0,0,0,,0,70,50,552,11.04,6,0,0,6,,,91,141.2,144.2,116.2,30,8,21
22,Darnell Mooney,ATL,WR,27,9,9,0,1,0,0,0,0,0,,0,68,41,588,14.34,5,0,0,5,,,89,129.8,132.8,109.3,27,9,22
23,Zay Flowers,BAL,WR,24,9,7,0,0,0,0,0,6,47,7.83,0,67,46,654,14.22,3,0,0,3,,,88,134.1,137.1,111.1,27,10,23
24,Chris Godwin,TAM,WR,28,7,7,0,0,0,0,0,1,2,2,0,62,50,576,11.52,5,1,0,5,,,88,137.8,140.8,112.8,26,11,24
25,Amon-Ra St. Brown,DET,WR,25,8,8,1,1,7,1,0,0,0,,0,59,48,464,9.67,6,0,0,6,,,87,134.7,137.7,110.7,25,12,25
26,Brock Bowers,LVR,TE,22,9,8,0,0,0,0,0,1,12,12,0,73,57,580,10.18,2,0,0,2,,,71,128.2,131.2,99.7,24,2,26
27,James Cook,BUF,RB,25,8,8,0,0,0,0,0,109,496,4.55,7,22,19,170,8.95,1,0,0,8,,,115,133.6,139.6,124.1,23,7,27
28,Joe Mixon,HOU,RB,28,6,6,0,1,0,0,0,126,609,4.83,6,20,14,115,8.21,1,0,0,7,,,114,128.4,134.4,121.4,23,8,28
29,Tucker Kraft,GNB,TE,24,9,9,0,0,0,0,0,2,4,2,0,39,28,376,13.43,5,1,1,5,1,,68,96,100,82,21,3,29
30,Chuba Hubbard,CAR,RB,25,9,9,0,0,0,0,0,133,665,5,5,29,26,108,4.15,1,2,1,6,,,111,137.3,144.3,124.3,20,9,30
31,Josh Jacobs,GNB,RB,26,9,9,0,0,0,0,0,158,762,4.82,3,24,19,128,6.74,1,2,1,4,,,111,130,137,120.5,20,10,31
32,J.K. Dobbins,LAC,RB,26,8,7,0,0,0,0,0,126,620,4.92,6,25,21,107,5.1,0,0,0,6,,,109,129.7,135.7,119.2,18,13,32
33,David Montgomery,DET,RB,27,8,8,1,1,3,1,0,110,488,4.44,7,18,17,161,9.47,0,1,1,7,,,109,126,133,117.5,18,12,33
34,James Conner,ARI,RB,29,9,9,0,0,0,0,0,147,664,4.52,4,25,19,167,8.79,0,3,1,4,2,,109,128.1,135.1,118.6,18,11,34
35,Cade Otton,TAM,TE,25,9,9,0,0,0,0,0,1,-4,-4,0,62,44,421,9.57,4,2,1,4,,,64,107.7,111.7,85.7,17,4,35
36,Jaxon Smith-Njigba,SEA,WR,22,9,9,1,1,35,0,0,0,0,,0,75,50,568,11.36,3,1,0,3,,,76,126.2,129.2,101.2,15,13,36
37,Kyle Pitts,ATL,TE,24,9,9,0,0,0,0,0,0,0,,0,43,30,430,14.33,3,0,0,3,,,61,91,94,76,15,5,37
38,Breece Hall,NYJ,RB,23,9,9,0,0,0,0,0,126,502,3.98,3,50,35,327,9.34,1,4,1,4,,,105,139.9,146.9,122.4,14,14,38
39,Stefon Diggs,HOU,WR,31,8,8,1,1,13,0,0,3,8,2.67,1,64,47,496,10.55,3,0,0,4,,,75,121.9,124.9,98.4,14,14,39
40,Nico Collins,HOU,WR,25,5,5,0,0,0,0,0,0,0,,0,45,32,567,17.72,3,0,0,3,,,75,106.7,109.7,90.7,14,15,40
41,Trey McBride,ARI,TE,25,8,8,0,0,0,0,0,1,2,2,1,60,45,481,10.69,0,0,0,2,,,60,105.3,108.3,82.8,14,6,41
42,Kenneth Walker III,SEA,RB,24,7,7,0,0,0,0,0,99,398,4.02,6,34,30,217,7.23,1,0,0,7,,,104,133.5,139.5,118.5,13,15,42
43,Malik Nabers,NYG,WR,21,7,6,0,1,0,0,0,3,0,0,0,84,55,557,10.13,3,0,0,3,,,74,128.7,131.7,101.2,13,16,43
44,Marvin Harrison Jr.,ARI,WR,22,9,9,0,0,0,0,0,0,0,,0,55,28,445,15.89,5,1,1,5,,,73,100.5,104.5,86.5,12,17,44
45,De'Von Achane,MIA,RB,23,8,7,0,0,0,0,0,93,420,4.52,2,42,37,302,8.16,3,0,0,5,,,102,139.2,145.2,120.7,11,16,45
46,Allen Lazard,NYJ,WR,29,7,7,0,0,0,0,0,0,0,,0,44,30,412,13.73,5,0,0,5,,,71,101.2,104.2,86.2,11,19,46
47,DeVonta Smith,PHI,WR,26,7,7,0,0,0,0,0,0,0,,0,47,35,473,13.51,4,0,0,4,,,71,106.3,109.3,88.8,11,18,47
48,D.K. Metcalf,SEA,WR,27,7,6,0,0,0,0,0,0,0,,0,61,35,568,16.23,3,2,2,3,,,71,105.8,110.8,88.3,10,20,48
49,Mike Evans,TAM,WR,31,7,7,0,0,0,0,0,0,0,,0,45,26,335,12.88,6,0,0,6,,,70,95.5,98.5,82.5,9,21,49
50,Geno Smith,SEA,QB,34,9,9,233,342,2560,11,10,36,193,5.36,1,0,0,0,,0,4,0,1,,,152,151.7,167.7,161.7,8,7,50
51,D'Andre Swift,CHI,RB,25,8,8,0,0,0,0,0,125,505,4.04,4,29,25,224,8.96,0,2,0,4,1,,99,123.9,129.9,111.4,8,17,51
52,Ladd McConkey,LAC,WR,23,8,7,0,0,0,0,0,0,0,,0,52,35,440,12.57,4,1,0,4,,,68,103,106,85.5,8,22,52
53,Kyler Murray,ARI,QB,27,9,9,169,252,1792,11,3,43,350,8.14,2,0,0,0,,0,5,3,2,,,151,150.7,162.7,153.7,7,8,53
54,Bo Nix,DEN,QB,24,9,9,184,294,1753,8,6,58,295,5.09,4,1,1,2,2,1,0,0,5,,,150,150.8,162.8,156.3,7,9,54
55,Aaron Jones,MIN,RB,30,8,8,0,0,0,0,0,125,565,4.52,2,29,26,245,9.42,1,1,1,3,,,97,123,130,110,7,18,55
56,Mark Andrews,BAL,TE,29,9,5,0,0,0,0,0,0,0,,0,29,24,289,12.04,4,0,0,4,,,53,76.9,79.9,64.9,7,7,56
57,Chase Brown,CIN,RB,24,9,3,0,0,0,0,0,105,479,4.56,4,26,21,98,4.67,2,1,0,6,1,,96,116.7,119.7,106.2,5,19,57
58,Courtland Sutton,DEN,WR,29,9,7,2,2,30,1,0,0,0,,0,68,36,499,13.86,2,1,1,2,,,65,101.1,105.1,83.1,5,23,58
59,Cole Kmet,CHI,TE,25,8,7,0,0,0,0,0,0,0,,0,30,27,303,11.22,3,0,0,3,1,,50,77.3,80.3,63.8,5,8,59
60,Rhamondre Stevenson,NWE,RB,26,8,7,0,0,0,0,0,114,438,3.84,6,28,23,99,4.3,1,4,2,7,1,,94,116.7,121.7,105.2,3,21,60
61,Tony Pollard,TEN,RB,27,8,8,0,0,0,0,0,142,622,4.38,3,32,24,135,5.63,0,0,0,3,,,94,117.7,123.7,105.7,3,20,61
62,Jordan Mason,SFO,RB,25,8,6,0,0,0,0,0,134,685,5.11,3,12,10,86,8.6,0,2,1,3,,,93,103.1,107.1,98.1,3,22,62
63,Demarcus Robinson,LAR,WR,30,8,8,0,0,0,0,0,0,0,,0,38,21,327,15.57,5,0,0,5,,,63,83.7,86.7,73.2,3,25,63
64,Rashod Bateman,BAL,WR,25,9,6,0,0,0,0,0,0,0,,0,39,25,447,17.88,3,0,0,3,,,63,87.7,90.7,75.2,3,24,64
65,Brock Purdy,SFO,QB,25,8,8,156,242,2101,10,7,42,210,5,3,0,0,0,,0,5,2,3,,,145,145,160,152,2,10,65
66,Trevor Lawrence,JAX,QB,25,9,9,168,274,2004,11,6,25,113,4.52,3,0,0,-5,,0,3,1,3,,3,145,145,158,151,2,11,66
67,A.J. Brown,PHI,WR,27,5,5,0,0,0,0,0,0,0,,0,34,23,444,19.3,3,0,0,3,,,62,85.4,88.4,73.9,2,26,67
68,Keon Coleman,BUF,WR,21,9,8,0,0,0,0,0,0,0,,0,36,22,417,18.95,3,0,0,3,1,,62,83.7,86.7,72.7,2,27,68
69,Alec Pierce,IND,WR,24,9,9,0,0,0,0,0,0,0,,0,33,19,435,22.89,3,0,0,3,,,62,80.5,83.5,71,2,28,69
70,Travis Kelce,KAN,TE,35,8,8,0,0,0,0,0,1,1,1,0,64,52,435,8.37,1,2,1,1,,,48,99.6,103.6,73.6,2,9,70
71,Hunter Henry,NWE,TE,30,9,9,0,0,0,0,0,0,0,,0,53,39,414,10.62,1,0,0,1,,,47,86.4,89.4,66.9,2,10,71
72,Kirk Cousins,ATL,QB,36,9,9,204,295,2328,17,7,18,-3,-0.17,0,0,0,0,,0,8,2,0,,,143,142.8,154.8,149.8,,12,72
73,Aaron Rodgers,NYJ,QB,41,9,9,197,316,2107,15,7,12,43,3.58,0,0,0,0,,0,2,0,0,,1,137,136.6,146.6,143.6,,13,73
74,Sam Darnold,MIN,QB,27,8,8,155,223,1900,17,7,31,120,3.87,0,0,0,0,,0,6,3,0,,,136,136,152,143,,14,74
75,Jared Goff,DET,QB,30,8,8,158,211,1840,14,4,17,16,0.94,0,1,1,7,7,1,4,0,1,,,130,130.9,137.9,134.4,,15,75
76,C.J. Stroud,HOU,QB,23,9,9,188,296,2139,11,4,31,143,4.61,0,1,0,0,,0,4,3,0,,,130,129.9,142.9,133.9,,16,76
77,Patrick Mahomes,KAN,QB,29,8,8,188,269,1942,11,9,36,148,4.11,1,1,1,2,2,0,0,0,1,,,125,125.7,140.7,134.2,,17,77
78,Daniel Jones,NYG,QB,27,9,9,194,304,1880,8,5,60,239,3.98,1,0,0,0,,0,4,2,1,,,123,123.1,136.1,128.1,,18,78
79,Jordan Love,GNB,QB,26,7,7,147,240,1820,15,10,13,28,2.15,0,0,0,0,,0,4,0,0,,2,120,119.6,132.6,129.6,,19,
80,Dak Prescott,DAL,QB,31,8,8,185,286,1978,11,8,13,54,4.15,1,0,0,0,,0,4,1,1,,,117,116.5,128.5,124.5,,20,
81,Caleb Williams,CHI,QB,23,8,8,162,264,1665,9,5,38,221,5.82,0,0,0,0,,0,4,2,0,,2,115,114.7,127.7,119.7,,21,
82,Justin Herbert,LAC,QB,26,8,8,145,223,1725,10,1,27,85,3.15,0,0,0,0,,0,4,1,0,,,114,113.5,118.5,114.5,,22,
83,Justin Fields,PIT,QB,25,6,6,106,160,1106,5,1,55,231,4.2,5,0,0,0,,0,6,1,5,,,113,113.3,121.3,114.3,,23,
84,Matthew Stafford,LAR,QB,36,8,8,182,276,1969,9,6,7,-7,-1,0,0,0,0,,0,3,2,0,,,98,98.1,109.1,104.1,,24,
85,Brian Robinson Jr.,WAS,RB,25,7,6,0,0,0,0,0,101,461,4.56,6,12,9,79,8.78,0,0,0,6,,,90,99,102,94.5,,24,
86,Jonathan Taylor,IND,RB,25,6,6,0,0,0,0,0,105,502,4.78,5,16,10,100,10,0,1,0,5,,,90,100.2,106.2,95.2,,23,
87,Najee Harris,PIT,RB,26,8,8,0,0,0,0,0,136,592,4.35,2,24,17,152,8.94,0,0,0,2,,,86,103.4,109.4,94.9,,25,
88,Derek Carr,NOR,QB,33,6,6,108,159,1225,9,4,8,22,2.75,1,0,0,0,,0,0,0,1,,,85,85.2,92.2,89.2,,25,
89,Tank Bigsby,JAX,RB,23,9,1,0,0,0,0,0,93,515,5.54,4,5,3,36,12,0,2,0,4,,,79,82.1,85.1,80.6,,26,
90,Kareem Hunt,KAN,RB,29,5,4,0,0,0,0,0,111,414,3.73,5,8,7,51,7.29,0,0,0,5,,,77,83.5,86.5,80,,27,
91,Deshaun Watson,CLE,QB,29,7,7,137,216,1148,5,3,31,148,4.77,1,0,0,0,,0,5,3,1,,1,77,76.7,88.7,79.7,,26,
92,Alexander Mattison,LVR,RB,26,9,5,0,0,0,0,0,92,301,3.27,3,26,22,195,8.86,1,0,0,4,1,,76,97.6,103.6,86.6,,28,
93,Bucky Irving,TAM,RB,22,9,1,0,0,0,0,0,83,419,5.05,3,25,23,174,7.57,0,1,1,3,,,75,98.3,105.3,86.8,,29,
94,Rachaad White,TAM,RB,25,8,8,0,0,0,0,0,70,275,3.93,1,34,31,252,8.13,3,1,1,4,,,75,105.7,112.7,90.2,,30,
95,Zach Charbonnet,SEA,RB,23,9,2,0,0,0,0,0,61,213,3.49,4,31,25,189,7.56,1,0,0,5,,,70,95.2,101.2,82.7,,31,
96,Drake Maye,NWE,QB,22,5,4,82,125,770,6,4,21,209,9.95,1,0,0,0,,0,3,2,1,,,70,69.7,81.7,73.7,,27,
97,Tyrone Tracy,NYG,RB,25,9,5,0,0,0,0,0,89,442,4.97,2,21,17,116,6.82,0,1,0,2,,,68,84.8,90.8,76.3,,33,
98,Javonte Williams,DEN,RB,24,9,8,0,0,0,0,0,102,387,3.79,2,37,29,216,7.45,0,2,2,2,,,68,97.3,105.3,82.8,,32,
99,Gardner Minshew II,LVR,QB,28,8,7,148,221,1501,6,8,15,46,3.07,0,0,0,0,,0,5,4,0,,1,67,66.6,81.6,74.6,,28,
100,Anthony Richardson,IND,QB,22,6,6,59,133,958,4,7,41,242,5.9,1,0,0,0,,0,6,2,1,,,67,66.5,81.5,73.5,,29,
101,Rico Dowdle,DAL,RB,26,7,6,0,0,0,0,0,71,321,4.52,0,26,21,163,7.76,3,1,0,3,,,66,87.4,93.4,76.9,,34,
102,Austin Ekeler,WAS,RB,29,8,4,0,0,0,0,0,50,282,5.64,2,25,22,248,11.27,0,1,0,2,,,65,87,93,76,,35,
103,Josh Downs,IND,WR,23,7,3,0,0,0,0,0,1,12,12,0,56,38,411,10.82,3,0,0,3,,,60,98.3,101.3,79.3,,29,
104,Rashid Shaheed,NOR,WR,26,6,5,0,0,0,0,0,6,29,4.83,0,41,20,349,17.45,3,1,1,4,,,60,79.8,83.8,69.8,,30,
105,Khalil Shakir,BUF,WR,24,8,5,0,0,0,0,0,2,4,2,0,45,42,471,11.21,2,0,0,2,,,60,101.5,104.5,80.5,,31,
106,Andy Dalton,CAR,QB,37,6,5,106,160,989,7,6,11,34,3.09,0,0,0,0,,0,2,0,0,,,59,59,68,65,,30,
107,Ray Davis,BUF,RB,25,9,0,0,0,0,0,0,61,262,4.3,2,11,10,149,14.9,1,0,0,3,,,59,69.1,75.1,64.1,,36,
108,Zack Moss,CIN,RB,27,8,6,0,0,0,0,0,74,242,3.27,2,27,23,187,8.13,1,2,1,3,,,59,81.9,88.9,70.4,,37,
109,Deebo Samuel,SFO,WR,28,7,7,0,0,0,0,0,23,66,2.87,1,39,24,406,16.92,1,0,0,2,,,59,83.2,86.2,71.2,,32,
110,Joe Flacco,IND,QB,39,5,3,87,135,895,7,2,8,25,3.13,0,0,0,0,,0,2,2,0,,,58,58.3,65.3,60.3,,31,
111,Jauan Jennings,SFO,WR,27,6,2,0,0,0,0,0,0,0,,0,36,25,404,16.16,3,0,0,3,,,58,83.4,86.4,70.9,,33,
112,Tyler Lockett,SEA,WR,32,9,8,0,0,0,0,0,0,0,,0,53,34,456,13.41,2,0,0,2,,,58,91.6,94.6,74.6,,35,
113,George Pickens,PIT,WR,23,8,7,0,0,0,0,0,1,-10,-10,0,58,35,548,15.66,1,1,1,1,,,58,92.8,96.8,75.3,,34,
114,Tyler Allgeier,ATL,RB,24,9,0,0,0,0,0,0,74,370,5,2,8,8,57,7.13,0,0,0,2,1,,57,64.7,67.7,60.7,,38,
115,Jakobi Meyers,LVR,WR,28,7,7,0,0,0,0,0,1,3,3,0,54,39,430,11.03,2,0,0,2,1,,57,96.3,99.3,76.8,,36,
116,D.J. Moore,CHI,WR,27,8,8,0,0,0,0,0,4,15,3.75,0,60,37,374,10.11,3,0,0,3,,,57,93.9,96.9,75.4,,39,
117,Jameson Williams,DET,WR,23,6,4,0,0,0,0,0,4,32,8,0,30,17,361,21.24,3,0,0,3,,,57,74.3,77.3,65.8,,37,
118,Xavier Worthy,KAN,WR,21,8,6,0,0,0,0,0,9,37,4.11,2,39,19,235,12.37,3,0,0,5,,,57,76.2,79.2,66.7,,38,
119,Tua Tagovailoa,MIA,QB,26,4,4,93,128,948,5,3,8,44,5.5,0,0,0,0,,0,3,0,0,,,56,56.3,62.3,59.3,,32,
120,Tyreek Hill,MIA,WR,30,8,8,0,0,0,0,0,5,36,7.2,0,56,34,446,13.12,1,0,0,1,,,54,88.2,91.2,71.2,,41,
121,Diontae Johnson,2TM,WR,28,8,7,0,0,0,0,0,2,6,3,0,58,30,357,11.9,3,0,0,3,,,54,84.3,87.3,69.3,,40,
122,Darius Slayton,NYG,WR,27,9,7,0,0,0,0,0,1,11,11,0,50,32,469,14.66,1,1,0,1,,,54,86,89,70,,42,
123,Romeo Doubs,GNB,WR,24,8,7,0,0,0,0,0,0,0,,0,45,30,412,13.73,2,0,0,2,,,53,83.2,86.2,68.2,,44,
124,Quentin Johnston,LAC,WR,23,6,5,0,0,0,0,0,3,6,2,0,27,18,282,15.67,4,0,0,4,,,53,70.8,73.8,61.8,,46,
125,Calvin Ridley,TEN,WR,30,8,7,0,0,0,0,0,4,32,8,1,59,27,399,14.78,1,1,1,2,,,53,80.1,84.1,66.6,,45,
126,Jalen Tolbert,DAL,WR,25,8,8,0,0,0,0,0,0,0,,0,43,30,353,11.77,3,0,0,3,,,53,83.3,86.3,68.3,,43,
127,Tee Higgins,CIN,WR,25,5,3,0,0,0,0,0,0,0,,0,45,29,341,11.76,3,0,0,3,,,52,81.1,84.1,66.6,,47,
128,Tank Dell,HOU,WR,25,8,5,0,0,0,0,0,6,30,5,0,47,30,355,11.83,2,0,0,2,,,51,80.5,83.5,65.5,,49,
129,Justice Hill,BAL,RB,27,9,0,0,0,0,0,0,32,119,3.72,0,28,25,272,10.88,2,0,0,2,,,51,76.1,82.1,63.6,,39,
130,Xavier Legette,CAR,WR,23,9,6,0,0,0,0,0,5,22,4.4,0,41,26,244,9.38,4,0,0,4,,,51,76.6,79.6,63.6,,48,
131,Davante Adams,2TM,WR,32,6,6,0,0,0,0,0,0,0,,0,53,32,384,12,2,0,0,2,,,50,82.4,85.4,66.4,,50,
132,Amari Cooper,2TM,WR,30,8,7,0,0,0,0,0,0,0,,0,60,29,319,11,3,0,0,3,,,50,78.9,81.9,64.4,,51,
133,Jerry Jeudy,CLE,WR,25,9,8,0,0,0,0,0,0,0,,0,61,33,418,12.67,1,0,0,1,1,,50,82.8,85.8,66.3,,52,
134,Mason Rudolph,TEN,QB,29,4,3,76,128,806,4,4,13,61,4.69,1,0,0,0,,0,4,1,1,,,50,50.3,58.3,54.3,,33,
135,Michael Pittman Jr.,IND,WR,27,9,7,0,0,0,0,0,0,0,,0,57,30,366,12.2,2,0,0,2,,,49,78.6,81.6,63.6,,53,
136,Wan'Dale Robinson,NYG,WR,23,9,4,0,0,0,0,0,2,18,9,0,76,51,343,6.73,2,0,0,2,,,48,99.1,102.1,73.6,,54,
137,Jordan Addison,MIN,WR,22,6,6,0,0,0,0,0,2,16,8,1,28,19,273,14.37,2,0,0,3,,,47,65.9,68.9,56.4,,55,
138,DeAndre Hopkins,2TM,WR,32,8,4,0,0,0,0,0,0,0,,0,33,25,288,11.52,3,1,0,3,,,47,71.8,74.8,59.3,,56,
139,Rome Odunze,CHI,WR,22,8,6,0,0,0,0,0,3,15,5,0,44,25,391,15.64,1,1,0,1,,,47,71.6,74.6,59.1,,57,
140,Malik Willis,GNB,QB,25,4,2,29,39,380,3,0,16,137,8.56,1,0,0,0,,0,0,0,1,,,47,46.9,52.9,46.9,,34,
141,Jalen Nailor,MIN,WR,25,8,3,0,0,0,0,0,2,3,1.5,0,21,15,236,15.73,4,1,1,4,,,46,60.9,64.9,53.4,,58,
142,Cedric Tillman,CLE,WR,24,9,4,0,0,0,0,0,1,-5,-5,0,37,24,264,11,3,0,0,3,1,,46,69.9,72.9,57.9,,59,
143,Braelon Allen,NYJ,RB,20,9,0,0,0,0,0,0,53,196,3.7,2,15,9,74,8.22,1,0,0,3,,,45,54,57,49.5,,41,
144,Jacoby Brissett,NWE,QB,32,6,5,94,159,828,2,1,15,62,4.13,0,0,0,0,,0,4,1,0,,1,45,45.3,50.3,46.3,,35,
145,Travis Etienne,JAX,RB,25,7,7,0,0,0,0,0,59,254,4.31,2,26,18,97,5.39,0,1,1,2,,,45,63.1,67.1,54.1,,40,
146,Mike Gesicki,CIN,TE,29,9,2,0,0,0,0,0,0,0,,0,36,30,353,11.77,2,1,1,2,,,45,75.3,79.3,60.3,,11,
147,Dalton Kincaid,BUF,TE,25,9,6,0,0,0,0,0,0,0,,0,54,32,332,10.38,2,1,0,2,,,45,77.2,80.2,61.2,,12,
148,Isaiah Likely,BAL,TE,24,9,6,0,0,0,0,0,0,0,,0,34,24,271,11.29,3,0,0,3,,,45,69.1,72.1,57.1,,13,
149,Chris Olave,NOR,WR,24,8,8,0,0,0,0,0,1,7,7,0,44,32,400,12.5,1,1,1,1,,,45,76.7,80.7,60.7,,60,
150,Devin Singletary,NYG,RB,27,7,4,0,0,0,0,0,70,283,4.04,2,15,13,87,6.69,0,2,2,2,,,45,58,63,51.5,,42,
151,Calvin Austin III,PIT,WR,25,8,2,0,0,0,0,0,0,0,,0,25,14,257,18.36,2,0,0,3,,,44,57.7,60.7,50.7,,64,
152,Andrei Iosivas,CIN,WR,25,9,6,0,0,0,0,0,0,0,,0,31,15,199,13.27,4,0,0,4,,,44,58.9,61.9,51.4,,62,
153,Christian Kirk,JAX,WR,28,8,7,0,0,0,0,0,0,0,,0,47,27,379,14.04,1,0,0,1,,,44,70.9,73.9,57.4,,63,
154,Michael Wilson,ARI,WR,24,9,7,0,0,0,0,0,0,0,,0,40,27,283,10.48,3,1,1,3,,,44,71.3,75.3,57.8,,61,
155,Zach Ertz,WAS,TE,34,9,9,0,0,0,0,0,0,0,,0,46,33,350,10.61,1,1,0,1,1,,43,76,79,59.5,,14,
156,Cooper Kupp,LAR,WR,31,4,4,0,0,0,0,0,2,10,5,0,49,34,302,8.88,2,0,0,2,,,43,77.2,80.2,60.2,,65,
157,Dontayvion Wicks,GNB,WR,23,9,1,0,0,0,0,0,0,0,,0,43,16,192,12,4,0,0,4,,,43,59.2,62.2,51.2,,66,
158,Jameis Winston,CLE,QB,30,7,2,59,99,652,5,3,12,31,2.58,0,0,0,0,,0,2,1,0,,1,43,43.2,50.2,46.2,,36,
159,Jerome Ford,CLE,RB,25,7,4,0,0,0,0,0,52,269,5.17,1,26,21,89,4.24,0,0,0,1,,,42,62.8,65.8,52.3,,44,
160,Sam LaPorta,DET,TE,23,8,8,0,0,0,0,0,0,0,,0,26,22,300,13.64,2,0,0,2,,,42,64,67,53,,15,
161,Jaleel McLaughlin,DEN,RB,24,9,1,0,0,0,0,0,53,208,3.92,1,17,16,47,2.94,2,1,1,3,,,42,57.5,61.5,49.5,,45,
162,Emanuel Wilson,GNB,RB,25,9,0,0,0,0,0,0,55,254,4.62,1,12,9,46,5.11,1,0,0,2,,,42,51,54,46.5,,43,
163,Roschon Johnson,CHI,RB,23,7,0,0,0,0,0,0,35,108,3.09,4,11,8,65,8.13,0,0,0,4,,,41,49.3,52.3,45.3,,46,
164,Rashee Rice,KAN,WR,24,4,4,0,0,0,0,0,1,1,1,0,29,24,288,12,2,0,0,2,,,41,64.9,67.9,52.9,,67,
165,Tre Tucker,LVR,WR,23,9,8,0,0,0,0,0,5,29,5.8,1,44,25,257,10.28,1,0,0,2,,,41,65.6,68.6,53.1,,68,
166,Ray-Ray McCloud,ATL,WR,28,9,8,0,0,0,0,0,5,50,10,0,45,32,305,9.53,1,3,1,1,,,40,71.5,75.5,55.5,,69,
167,Sean Tucker,TAM,RB,23,9,0,0,0,0,0,0,26,186,7.15,1,8,7,97,13.86,1,0,0,2,,,40,47.3,50.3,43.8,,47,
168,Will Levis,TEN,QB,25,5,5,83,125,699,5,7,16,106,6.63,0,0,0,0,,0,3,3,0,,,39,38.6,54.6,45.6,,38,
169,Russell Wilson,PIT,QB,36,2,2,36,57,542,3,0,6,10,1.67,1,0,0,0,,0,1,1,1,,,39,38.7,42.7,38.7,,37,
170,Noah Brown,WAS,WR,28,7,5,0,0,0,0,0,0,0,,0,31,22,318,14.45,1,0,0,1,,,38,59.8,62.8,48.8,,70,
171,Demario Douglas,NWE,WR,24,9,3,0,0,0,0,0,1,9,9,0,48,35,306,8.74,1,0,0,1,,,38,72.5,75.5,55,,72,
172,David Njoku,CLE,TE,28,6,6,0,0,0,0,0,0,0,,0,43,30,255,8.5,2,0,0,2,,,38,67.5,70.5,52.5,,16,
173,Jaylen Waddle,MIA,WR,26,8,8,0,0,0,0,0,2,7,3.5,0,38,28,310,11.07,1,0,0,1,,,38,65.7,68.7,51.7,,71,
174,Bryce Young,CAR,QB,23,6,4,77,128,694,3,6,13,41,3.15,1,0,0,0,,0,0,0,1,,,38,37.9,46.9,43.9,,39,
175,Brandon Aiyuk,SFO,WR,26,7,7,0,0,0,0,0,0,0,,0,47,25,374,14.96,0,0,0,0,,,37,62.4,65.4,49.9,,73,
176,Tutu Atwell,LAR,WR,25,8,4,0,1,0,0,0,1,7,7,0,39,25,366,14.64,0,0,0,0,,,37,62.3,65.3,49.8,,74,
177,Antonio Gibson,NWE,RB,26,9,2,0,0,0,0,0,57,236,4.14,0,15,13,131,10.08,0,1,0,0,,,37,49.7,55.7,43.2,,49,
178,Jeremy McNichols,WAS,RB,29,9,1,0,0,0,0,0,34,183,5.38,3,2,1,6,6,0,0,0,3,,,37,37.9,40.9,37.4,,48,
179,Raheem Mostert,MIA,RB,32,5,1,0,0,0,0,0,55,214,3.89,2,9,7,71,10.14,0,2,2,2,,,37,43.5,48.5,40,,50,
180,Josh Palmer,LAC,WR,25,7,3,0,0,0,0,0,0,0,,0,26,17,306,18,1,0,0,1,,,37,53.6,56.6,45.1,,76,
181,Christian Watson,GNB,WR,25,8,8,0,0,0,0,0,1,-4,-4,0,27,16,233,14.56,2,0,0,2,1,,37,52.9,55.9,44.9,,75,
182,Tyler Conklin,NYJ,TE,29,9,9,0,0,0,0,0,0,0,,0,40,27,237,8.78,2,0,0,2,,,36,62.7,65.7,49.2,,20,
183,Pat Freiermuth,PIT,TE,26,8,6,0,0,0,0,0,0,0,,0,31,26,264,10.15,2,1,1,2,,,36,62.4,66.4,49.4,,17,
184,Taysom Hill,NOR,TE,34,5,5,1,2,3,0,0,23,116,5.04,3,12,8,64,8,0,0,0,3,,,36,44.1,47.1,40.1,,18,
185,Jonnu Smith,MIA,TE,29,8,2,0,0,0,0,0,1,-1,-1,0,40,30,302,10.07,1,0,0,1,,,36,66.1,69.1,51.1,,19,
186,Foster Moreau,NOR,TE,27,9,9,0,0,0,0,0,0,0,,0,15,12,167,13.92,3,0,0,3,,,35,46.7,49.7,40.7,,21,
187,Kalif Raymond,DET,WR,30,8,1,0,0,0,0,0,2,0,0,0,18,14,174,12.43,2,0,0,3,,,35,49.4,52.4,42.4,,77,
188,Nick Westbrook-Ikhine,TEN,WR,27,8,2,0,0,0,0,0,0,0,,0,16,10,108,10.8,4,0,0,4,,,35,44.8,47.8,39.8,,78,
189,Ty Johnson,BUF,RB,27,9,1,0,0,0,0,0,17,99,5.82,1,8,5,65,13,2,0,0,3,,,34,39.4,39.4,36.9,,51,
190,Jake Ferguson,DAL,TE,25,7,7,0,0,0,0,0,0,0,,0,52,38,334,8.79,0,2,0,0,,,33,71.4,74.4,52.4,,22,
191,Cam Akers,2TM,RB,25,8,2,0,0,0,0,0,46,193,4.2,1,9,6,23,3.83,1,1,1,2,,,32,37.6,41.6,34.6,,54,
192,Keenan Allen,CHI,WR,32,6,6,0,0,0,0,0,0,0,,0,42,21,197,9.38,2,0,0,2,,,32,52.7,55.7,42.2,,79,
193,Gabriel Davis,JAX,WR,25,8,7,0,0,0,0,0,0,0,,0,35,18,217,12.06,2,1,1,2,,,32,49.7,53.7,40.7,,80,
194,Emari Demercado,ARI,RB,25,9,0,0,0,0,0,0,17,175,10.29,1,14,11,86,7.82,0,0,0,1,,,32,43.1,46.1,37.6,,52,
195,Trey Sermon,IND,RB,25,9,3,0,0,0,0,0,47,131,2.79,2,11,10,68,6.8,0,0,0,2,,,32,41.9,44.9,36.9,,53,
196,Ezekiel Elliott,DAL,RB,29,7,2,0,0,0,0,0,48,149,3.1,2,10,7,40,5.71,0,0,0,2,,,31,37.9,40.9,34.4,,55,
197,Josh Oliver,MIN,TE,27,8,8,0,0,0,0,0,0,0,,0,13,12,130,10.83,3,0,0,3,,,31,43,46,37,,23,
198,Brenton Strange,JAX,TE,24,9,4,0,0,0,0,0,0,0,,0,25,18,190,10.56,2,0,0,2,,,31,49,52,40,,24,
199,Dallas Goedert,PHI,TE,29,5,5,0,0,0,0,0,0,0,,0,29,24,301,12.54,0,1,0,0,,,30,54.1,57.1,42.1,,25,
200,Samaje Perine,KAN,RB,29,8,0,0,0,0,0,0,14,55,3.93,1,17,13,129,9.92,1,0,0,2,,,30,43.4,46.4,36.9,,56,
201,KaVontae Turpin,DAL,WR,28,8,1,0,0,0,0,0,5,14,2.8,0,28,17,181,10.65,1,2,1,2,,,30,46.5,50.5,38,,81,
202,Noah Fant,SEA,TE,27,8,5,0,0,0,0,0,0,0,,0,32,27,285,10.56,0,0,0,0,,,29,55.5,58.5,42,,26,
203,Isaac Guerendo,SFO,RB,24,8,0,0,0,0,0,0,37,227,6.14,1,5,4,22,5.5,0,2,1,1,,,29,32.9,36.9,30.9,,58,
204,Mack Hollins,BUF,WR,31,9,6,0,0,0,0,0,0,0,,0,25,12,111,9.25,3,0,0,3,,,29,41.1,44.1,35.1,,82,
205,Juwan Johnson,NOR,TE,28,9,3,0,0,0,0,0,0,0,,0,26,20,225,11.25,1,0,0,1,,,29,48.5,51.5,38.5,,27,
206,Miles Sanders,CAR,RB,27,9,1,0,0,0,0,0,36,134,3.72,1,26,21,98,4.67,0,0,0,1,,,29,50.2,53.2,39.7,,57,
207,Sterling Shepard,TAM,WR,31,7,1,0,0,0,0,0,6,52,8.67,0,22,15,159,10.6,1,0,0,1,1,,29,44.1,47.1,36.6,,83,
208,Jalen Coker,CAR,WR,23,6,0,0,0,0,0,0,0,0,,0,18,14,222,15.86,1,0,0,1,,,28,42.2,45.2,35.2,,84,
209,Evan Engram,JAX,TE,30,5,5,0,0,0,0,0,0,0,,0,34,25,223,8.92,1,1,1,1,1,,28,53.3,57.3,40.8,,28,
210,Tyler Huntley,MIA,QB,26,3,3,39,66,377,1,1,16,67,4.19,1,0,0,0,,0,1,1,1,,,28,27.8,32.8,28.8,,40,
211,Dare Ogunbowale,HOU,RB,30,9,1,0,0,0,0,0,24,57,2.38,0,21,15,155,10.33,1,0,0,1,,,27,42.2,45.2,34.7,,59,
212,Nelson Agholor,BAL,WR,31,9,4,0,0,0,0,0,0,0,,0,23,12,199,16.58,1,0,0,1,,,26,37.9,40.9,31.9,,86,
213,Kayshon Boutte,NWE,WR,22,7,5,0,0,0,0,0,0,0,,0,22,13,203,15.62,1,0,0,1,,,26,39.3,42.3,32.8,,85,
214,Theo Johnson,NYG,TE,23,9,8,0,0,0,0,0,0,0,,0,26,17,201,11.82,1,0,0,1,,,26,43.1,46.1,34.6,,29,
215,Elijah Moore,CLE,WR,24,9,6,0,0,0,0,0,0,0,,0,50,33,249,7.55,0,0,0,0,,,25,57.9,60.9,41.4,,88,
216,Isiah Pacheco,KAN,RB,25,2,2,0,0,0,0,0,34,135,3.97,1,8,7,54,7.71,0,0,0,1,,,25,31.9,34.9,28.4,,61,
217,Spencer Rattler,NOR,QB,24,3,3,59,99,571,1,2,9,61,6.78,0,0,0,0,,0,3,2,0,,,25,24.9,31.9,26.9,,41,
218,Ja'Tavion Sanders,CAR,TE,21,9,5,0,0,0,0,0,0,0,,0,30,24,245,10.21,0,1,0,0,,,25,48.5,51.5,36.5,,30,
219,Tyjae Spears,TEN,RB,23,5,0,0,0,0,0,0,33,114,3.45,1,12,12,76,6.33,0,0,0,1,,,25,37,40,31,,60,
220,DJ Turner,LVR,WR,27,9,4,0,0,0,0,0,5,33,6.6,1,21,10,99,9.9,1,0,0,2,,,25,35.2,35.2,30.2,,87,
221,Trey Benson,ARI,RB,21,8,1,0,0,0,0,0,39,154,3.95,1,3,3,30,10,0,1,0,1,,,24,27.4,30.4,25.9,,62,
222,Will Dissly,LAC,TE,28,8,6,0,0,0,0,0,0,0,,0,36,28,242,8.64,0,0,0,0,,,24,52.2,55.2,38.2,,32,
223,Tyler Goodson,IND,RB,24,8,0,0,0,0,0,0,27,128,4.74,1,10,8,47,5.88,0,0,0,1,,,24,31.5,34.5,27.5,,63,
224,Josh Reynolds,DEN,WR,29,5,1,0,0,0,0,0,0,0,,0,19,12,183,15.25,1,0,0,1,,,24,36.3,39.3,30.3,,89,
225,Dalton Schultz,HOU,TE,28,9,6,0,0,0,0,0,0,0,,0,44,26,244,9.38,0,0,0,0,,,24,50.4,53.4,37.4,,31,
226,Jordan Akins,CLE,TE,32,9,2,0,0,0,0,0,0,0,,0,26,19,172,9.05,1,0,0,1,,,23,42.2,45.2,32.7,,33,
227,Greg Dortch,ARI,WR,26,9,1,0,0,0,0,0,1,4,4,0,32,21,188,8.95,1,1,1,1,,,23,44.2,48.2,33.7,,90,
228,Dyami Brown,WAS,WR,25,9,1,0,0,0,0,0,0,0,,0,15,11,158,14.36,1,0,0,1,,,22,32.8,35.8,27.3,,93,
229,Grant Calcaterra,PHI,TE,26,8,6,0,0,0,0,0,0,0,,0,18,17,216,12.71,0,0,0,0,,,22,38.6,41.6,30.1,,35,
230,Elijah Higgins,ARI,TE,24,9,4,0,0,0,0,0,0,0,,0,13,12,103,8.58,2,0,0,2,,,22,34.3,37.3,28.3,,34,
231,Tyler Johnson,LAR,WR,26,8,2,0,0,0,0,0,0,0,,0,28,18,220,12.22,0,0,0,0,,,22,40,43,31,,92,
232,Aidan O'Connell,LVR,QB,26,4,2,52,82,455,2,2,0,0,,0,0,0,0,,0,0,0,0,,,22,22.2,27.2,24.2,,42,
233,Jaylen Warren,PIT,RB,26,6,0,0,0,0,0,0,41,151,3.68,0,14,12,67,5.58,0,0,0,0,,,22,33.8,36.8,27.8,,65,
234,Zamir White,LVR,RB,25,7,4,0,0,0,0,0,60,174,2.9,1,8,6,30,5,0,2,2,1,,,22,28.4,33.4,25.4,,64,
235,Olamide Zaccheaus,WAS,WR,27,9,2,0,0,0,0,0,0,0,,0,29,21,224,10.67,0,1,0,0,,,22,43.4,46.4,32.9,,91,
236,Noah Gray,KAN,TE,25,8,4,0,0,0,0,0,0,0,,0,19,17,208,12.24,0,0,0,0,,,21,37.8,40.8,29.3,,37,
237,Colby Parkinson,LAR,TE,25,8,8,0,0,0,0,0,0,0,,0,36,23,214,9.3,0,0,0,0,,,21,44.4,47.4,32.9,,36,
238,JuJu Smith-Schuster,KAN,WR,28,6,3,0,0,0,0,0,0,0,,0,12,9,147,16.33,1,0,0,1,,,21,29.7,32.7,25.2,,94,
239,Jamaal Williams,NOR,RB,29,8,0,0,0,0,0,0,32,124,3.88,1,6,4,21,5.25,0,0,0,1,,,21,24.5,27.5,22.5,,67,
240,Jaylen Wright,MIA,RB,21,7,1,0,0,0,0,0,42,208,4.95,0,1,0,0,,0,0,0,0,,,21,20.8,23.8,20.8,,66,
241,D'Onta Foreman,CLE,RB,28,8,2,0,0,0,0,0,46,155,3.37,0,5,5,46,9.2,0,1,0,0,,,20,25.1,28.1,22.6,,68,
242,Troy Franklin,DEN,WR,21,8,4,0,0,0,0,0,2,8,4,0,27,14,135,9.64,1,0,0,1,,,20,34.3,37.3,27.3,,95,
243,KhaDarel Hodge,ATL,WR,29,9,0,0,0,0,0,0,0,0,,0,4,3,76,25.33,1,0,0,2,,,20,22.6,22.6,21.1,,99,
244,Van Jefferson,PIT,WR,28,8,7,0,0,0,0,0,0,0,,0,21,14,139,9.93,1,0,0,1,,,20,33.9,36.9,26.9,,97,
245,Marcus Mariota,WAS,QB,31,2,0,19,26,203,2,0,13,36,2.77,0,0,0,0,,0,0,0,0,,,20,19.7,19.7,19.7,,43,
246,Jalen McMillan,TAM,WR,23,6,5,0,0,0,0,0,2,28,14,0,22,10,109,10.9,1,0,0,1,,,20,29.7,32.7,24.7,,98,
247,Chigoziem Okonkwo,TEN,TE,25,8,4,0,0,0,0,0,0,0,,0,26,20,159,7.95,1,2,1,1,,,20,39.9,43.9,29.9,,38,
248,Nick Vannett,TEN,TE,31,8,4,0,0,0,0,0,0,0,,0,11,10,78,7.8,2,0,0,2,,,20,29.8,29.8,24.8,,39,
249,Jordan Whittington,LAR,WR,24,6,2,0,0,0,0,0,0,0,,0,23,18,201,11.17,0,0,0,0,,,20,38.1,41.1,29.1,,96,
250,AJ Barner,SEA,TE,22,9,3,0,0,0,0,0,0,0,,0,17,14,132,9.43,1,0,0,1,,,19,33.2,36.2,26.2,,40,
251,Tyler Boyd,TEN,WR,30,8,4,0,0,0,0,0,1,3,3,0,30,21,184,8.76,0,0,0,0,,,19,39.7,42.7,29.2,,100,
252,Ty Chandler,MIN,RB,26,8,0,0,0,0,0,0,44,151,3.43,0,6,6,42,7,0,0,0,0,,,19,25.3,28.3,22.3,,69,
253,D'Ernest Johnson,JAX,RB,28,9,1,0,0,0,0,0,28,114,4.07,0,13,8,77,9.63,0,0,0,0,,,19,27.1,30.1,23.1,,70,
254,Ameer Abdullah,LVR,RB,31,9,0,0,0,0,0,0,16,81,5.06,1,17,14,60,4.29,0,2,1,1,,,18,32.1,33.1,25.1,,71,
255,Nick Chubb,CLE,RB,29,3,3,0,0,0,0,0,42,113,2.69,1,6,2,6,3,0,0,0,1,,,18,19.9,22.9,18.9,,72,
256,Austin Hooper,NWE,TE,30,9,5,0,0,0,0,0,0,0,,0,26,16,137,8.56,1,1,1,1,,,18,33.7,37.7,25.7,,44,
257,Charlie Kolar,BAL,TE,25,9,3,0,0,0,0,0,1,2,2,0,9,7,121,17.29,1,0,0,1,,,18,25.3,28.3,21.8,,41,
258,Bub Means,NOR,WR,23,7,1,0,0,0,0,0,0,0,,0,15,9,118,13.11,1,0,0,1,,,18,26.8,29.8,22.3,,102,
259,Trey Palmer,TAM,WR,23,7,3,0,0,0,0,0,0,0,,0,15,9,123,13.67,1,0,0,1,,,18,27.3,30.3,22.8,,101,
260,Tim Patrick,DET,WR,31,7,3,0,0,0,0,0,0,0,,0,15,12,177,14.75,0,0,0,0,,,18,29.7,32.7,23.7,,103,
261,Adam Trautman,DEN,TE,27,9,8,0,0,0,0,0,0,0,,0,11,7,121,17.29,1,0,0,1,,,18,25.1,28.1,21.6,,42,
262,Devaughn Vele,DEN,WR,27,5,2,0,0,0,0,0,0,0,,0,23,18,176,9.78,0,0,0,0,,,18,35.6,38.6,26.6,,104,
263,Darnell Washington,PIT,TE,23,8,4,0,0,0,0,0,0,0,,0,12,11,120,10.91,1,0,0,1,,,18,29,32,23.5,,43,
264,Ashton Dulin,IND,WR,27,9,2,0,0,0,0,0,4,38,9.5,0,7,2,67,33.5,1,0,0,1,,,17,18.5,18.5,17.5,,111,
265,Mecole Hardman,KAN,WR,26,8,0,0,0,0,0,0,2,38,19,1,10,9,75,8.33,0,0,0,1,,,17,26.3,26.3,21.8,,105,
266,Lil'Jordan Humphrey,DEN,WR,26,9,3,0,0,0,0,0,0,0,,0,32,21,188,8.95,0,1,1,0,,,17,37.8,41.8,27.3,,108,
267,Kyle Juszczyk,SFO,FB,33,8,7,0,0,0,0,0,3,21,7,1,18,11,93,8.45,0,0,0,1,,,17,28.4,28.4,22.9,,73,
268,Adam Thielen,CAR,WR,34,3,3,0,0,0,0,0,0,0,,0,12,8,109,13.63,1,0,0,1,,,17,24.9,27.9,20.9,,107,
269,Parker Washington,JAX,WR,22,9,1,0,0,0,0,0,0,0,,0,15,9,108,12,0,1,0,1,,,17,25.8,28.8,21.3,,109,
270,Justin Watson,KAN,WR,29,8,4,0,0,0,0,0,0,0,,0,16,13,171,13.15,0,0,0,0,,,17,30.1,33.1,23.6,,106,
271,Mike Williams,NYJ,WR,30,9,3,0,0,0,0,0,0,0,,0,21,12,166,13.83,0,0,0,0,,,17,28.6,31.6,22.6,,110,
272,Mo Alie-Cox,IND,TE,31,9,7,0,0,0,0,0,0,0,,0,13,7,100,14.29,1,0,0,1,,,16,23,26,19.5,,46,
273,Erick All,CIN,TE,24,9,6,0,0,0,0,0,0,0,,0,22,20,158,7.9,0,0,0,0,,,16,35.8,38.8,25.8,,47,
274,Kenneth Gainwell,PHI,RB,25,8,0,0,0,0,0,0,31,124,4,0,9,5,34,6.8,0,0,0,0,,,16,20.8,23.8,18.3,,75,
275,Dawson Knox,BUF,TE,28,9,7,0,0,0,0,0,0,0,,0,13,8,102,12.75,1,0,0,1,,,16,24.2,27.2,20.2,,45,
276,Adonai Mitchell,IND,WR,22,9,4,1,1,24,0,0,2,14,7,0,32,12,140,11.67,0,0,0,0,,,16,28.4,31.4,22.4,,113,
277,Puka Nacua,LAR,WR,23,3,3,0,0,0,0,0,3,12,4,0,17,12,152,12.67,0,0,0,0,,,16,28.4,31.4,22.4,,112,
278,Dameon Pierce,HOU,RB,24,4,0,0,0,0,0,0,14,98,7,1,1,1,1,1,0,0,0,1,,,16,16.9,16.9,16.4,,74,
279,Cedrick Wilson Jr.,NOR,WR,29,8,0,0,0,0,0,0,0,0,,0,14,11,122,11.09,1,1,1,1,,,16,27.2,31.2,21.7,,114,
280,Brandin Cooks,DAL,WR,31,4,4,0,0,0,0,0,2,2,1,0,19,9,91,10.11,1,0,0,1,,,15,24.3,24.3,19.8,,115,
281,Jamycal Hasty,NWE,RB,28,9,0,0,0,0,0,0,11,32,2.91,0,9,7,55,7.86,1,0,0,1,,,15,21.7,21.7,18.2,,77,
282,Johnny Mundt,MIN,TE,30,8,3,0,0,0,0,0,0,0,,0,21,14,93,6.64,1,0,0,1,,,15,29.3,29.3,22.3,,48,
283,Kimani Vidal,LAC,RB,23,4,0,0,0,0,0,0,18,44,2.44,0,3,3,49,16.33,1,0,0,1,,,15,18.3,18.3,16.8,,76,
284,Ja'Lynn Polk,NWE,WR,22,8,5,0,0,0,0,0,1,0,0,0,27,10,78,7.8,1,0,0,1,,,14,23.8,23.8,18.8,,116,
285,Pierre Strong,CLE,RB,26,7,0,0,0,0,0,0,17,64,3.76,0,13,7,77,11,0,0,0,0,,,14,21.1,21.1,17.6,,78,
286,Josh Whyle,TEN,TE,25,8,4,0,0,0,0,0,0,0,,0,17,14,142,10.14,0,0,0,0,,,14,28.2,31.2,21.2,,49,
287,Jake Haener,NOR,QB,25,5,0,14,29,177,1,0,7,18,2.57,0,0,0,0,,0,0,0,0,,,13,12.9,12.9,12.9,,44,
288,Cordarrelle Patterson,PIT,RB,33,4,1,0,0,0,0,0,16,92,5.75,0,7,5,34,6.8,0,0,0,0,,,13,17.6,17.6,15.1,,79,
289,Gus Edwards,LAC,RB,29,4,1,0,0,0,0,0,38,113,2.97,0,1,1,2,2,0,0,0,0,,,12,12.5,15.5,12,,82,
290,Ryan Miller,TAM,WR,24,3,2,0,0,0,0,0,0,0,,0,9,5,59,11.8,1,0,0,1,,,12,16.9,16.9,14.4,,117,
291,Andrew Ogletree,IND,TE,26,9,2,0,0,0,0,0,0,0,,0,7,5,56,11.2,1,0,0,1,,,12,16.6,16.6,14.1,,51,
292,K.J. Osborn,NWE,WR,27,6,4,0,0,0,0,0,0,0,,0,17,7,57,8.14,1,0,0,1,,,12,18.7,18.7,15.2,,118,
293,Patrick Ricard,BAL,FB,30,9,5,0,0,0,0,0,0,0,,0,3,1,3,3,1,0,0,2,,,12,13.3,13.3,12.8,,80,
294,Carson Steele,KAN,RB,22,8,2,0,0,0,0,0,44,149,3.39,0,6,3,10,3.33,0,3,2,0,,,12,14.9,19.9,13.4,,81,
295,Brock Wright,DET,TE,26,8,4,0,0,0,0,0,0,0,,0,11,9,58,6.44,1,0,0,1,,,12,20.8,20.8,16.3,,50,
296,Simi Fehoko,LAC,WR,27,8,2,0,0,0,0,0,0,0,,0,16,6,106,17.67,0,0,0,0,,,11,16.6,19.6,13.6,,122,
297,Alec Ingold,MIA,FB,28,8,5,0,0,0,0,0,9,13,1.44,1,8,7,60,8.57,0,2,1,1,,,11,18.3,19.3,14.8,,84,
298,Hunter Luepke,DAL,RB,24,8,2,0,0,0,0,0,6,19,3.17,0,10,9,95,10.56,0,0,0,0,,,11,20.4,20.4,15.9,,83,
299,Luke McCaffrey,WAS,WR,23,9,4,0,0,0,0,0,0,0,,0,13,12,111,9.25,0,0,0,0,,,11,23.1,26.1,17.1,,119,
300,Bo Melton,GNB,WR,25,9,0,0,0,0,0,0,5,34,6.8,0,11,5,73,14.6,0,0,0,0,,,11,15.7,15.7,13.2,,121,
301,Jonathan Mingo,CAR,WR,23,9,5,0,0,0,0,0,2,5,2.5,0,26,12,121,10.08,0,1,1,0,,,11,22.6,26.6,16.6,,123,
302,Cooper Rush,DAL,QB,31,4,0,22,39,167,1,1,3,5,1.67,0,0,0,0,,0,1,0,0,,1,11,11.2,12.2,12.2,,45,
303,Trent Sherfield,MIN,WR,28,8,0,0,0,0,0,0,0,0,,0,6,5,50,10,1,0,0,1,,,11,16,16,13.5,,120,
304,Jalen Brooks,DAL,WR,24,8,1,0,0,0,0,0,0,0,,0,20,7,103,14.71,0,0,0,0,,,10,17.3,20.3,13.8,,124,
305,David Moore,CAR,WR,29,9,2,0,0,0,0,0,0,0,,0,18,11,103,9.36,0,0,0,0,,,10,21.3,24.3,15.8,,125,
306,Ricky Pearsall,SFO,WR,24,2,1,0,0,0,0,0,1,39,39,0,9,7,59,8.43,0,0,0,0,,,10,16.8,16.8,13.3,,127,
307,Drew Sample,CIN,TE,28,9,7,0,0,0,0,0,0,0,,0,9,8,42,5.25,1,1,0,1,,,10,18.2,18.2,14.2,,52,
308,Curtis Samuel,BUF,WR,28,8,0,0,0,0,0,0,3,6,2,0,19,12,92,7.67,0,0,0,0,,,10,21.8,21.8,15.8,,128,
309,Mason Tipton,NOR,WR,24,9,1,0,0,0,0,0,0,0,,0,25,14,99,7.07,0,0,0,0,,,10,23.9,23.9,16.9,,126,
310,Harrison Bryant,LVR,TE,26,8,2,0,0,0,0,0,0,0,,0,12,9,86,9.56,0,0,0,0,,,9,17.6,17.6,13.1,,54,
311,Jermaine Burton,CIN,WR,23,7,0,0,0,0,0,0,0,0,,0,5,2,88,44,0,0,0,0,,,9,10.8,10.8,9.8,,131,
312,Parris Campbell,PHI,WR,27,4,0,0,0,0,0,0,0,0,,0,7,6,30,5,1,0,0,1,,,9,15,15,12,,129,
313,Blake Corum,LAR,RB,24,8,0,0,0,0,0,0,21,72,3.43,0,2,2,17,8.5,0,0,0,0,,,9,10.9,10.9,9.9,,85,
314,Connor Heyward,PIT,TE,25,8,3,0,0,0,0,0,0,0,,0,6,4,29,7.25,1,0,0,1,,,9,12.9,12.9,10.9,,53,
315,Cade Stover,HOU,TE,24,9,6,0,0,0,0,0,0,0,,0,11,7,85,12.14,0,0,0,0,,,9,15.5,15.5,12,,55,
316,Robert Woods,HOU,WR,32,7,1,0,0,0,0,0,0,0,,0,10,7,90,12.86,0,0,0,0,,,9,16,16,12.5,,130,
317,Nate Adkins,DEN,TE,25,9,5,0,0,0,0,0,0,0,,0,6,5,22,4.4,1,0,0,1,,,8,13.2,13.2,10.7,,56,
318,Jake Bobo,SEA,WR,26,9,2,0,0,0,0,0,0,0,,0,13,9,81,9,0,0,0,0,,,8,17.1,17.1,12.6,,134,
319,Chris Brooks,GNB,RB,24,7,0,0,0,0,0,0,13,53,4.08,0,5,4,29,7.25,0,0,0,0,,,8,12.2,12.2,10.2,,86,
320,Julius Chestnut,TEN,RB,24,8,0,0,0,0,0,0,16,71,4.44,0,1,1,9,9,0,0,0,0,,,8,9,9,8.5,,87,
321,Jahan Dotson,PHI,WR,24,8,3,0,0,0,0,0,1,13,13,0,14,7,71,10.14,0,0,0,0,,,8,15.4,15.4,11.9,,132,
322,Audric Estime,DEN,RB,21,5,0,0,0,0,0,0,15,95,6.33,0,0,0,0,,0,2,1,0,,,8,7.5,8.5,7.5,,89,
323,Xavier Gipson,NYJ,WR,23,9,0,0,0,0,0,0,0,0,,0,7,4,23,5.75,1,2,0,1,,,8,12.3,12.3,10.3,,133,
324,Kylen Granson,IND,TE,26,9,2,0,0,0,0,0,0,0,,0,10,4,75,18.75,0,0,0,0,,,8,11.5,11.5,9.5,,58,
325,Khalil Herbert,CHI,RB,26,6,0,0,0,0,0,0,8,16,2,1,2,2,4,2,0,0,0,1,,,8,10,10,9,,88,
326,Lucas Krull,DEN,TE,26,5,1,0,0,0,0,0,0,0,,0,12,8,75,9.38,0,0,0,0,,,8,15.5,15.5,11.5,,59,
327,Laviska Shenault Jr.,SEA,WR,26,9,0,0,0,0,0,0,1,1,1,0,5,5,36,7.2,0,1,1,1,,,8,12.7,13.7,10.2,,136,
328,Ben Sinnott,WAS,TE,22,9,1,0,0,0,0,0,0,0,,0,3,3,18,6,1,0,0,1,,,8,10.8,10.8,9.3,,57,
329,Skylar Thompson,MIA,QB,27,2,1,21,33,187,0,0,1,4,4,0,0,0,0,,0,2,0,0,,,8,7.9,7.9,7.9,,46,
330,Kristian Wilkerson,LVR,WR,27,2,0,0,0,0,0,0,0,0,,0,3,2,18,9,1,0,0,1,,,8,9.8,9.8,8.8,,135,
331,Kendrick Bourne,NWE,WR,29,5,3,0,0,0,0,0,0,0,,0,14,8,70,8.75,0,0,0,0,,,7,15,15,11,,138,
332,Tim Boyle,MIA,QB,30,2,0,15,26,153,0,0,2,10,5,0,0,0,0,,0,0,0,0,,,7,7.1,7.1,7.1,,47,
333,DeAndre Carter,CHI,WR,31,8,0,0,0,0,0,0,0,0,,0,13,8,67,8.38,0,0,0,0,,,7,14.7,14.7,10.7,,139,
334,Hayden Hurst,LAC,TE,31,6,2,0,0,0,0,0,0,0,,0,11,7,65,9.29,0,0,0,0,,,7,13.5,13.5,10,,62,
335,Rakim Jarrett,TAM,WR,23,2,1,0,0,0,0,0,0,0,,0,4,4,67,16.75,0,0,0,0,,,7,10.7,10.7,8.7,,140,
336,Jordan Mims,NOR,RB,25,7,0,0,0,0,0,0,10,29,2.9,0,5,3,38,12.67,0,0,0,0,,,7,9.7,9.7,8.2,,90,
337,Marvin Mims,DEN,WR,22,9,1,0,0,0,0,0,1,17,17,0,15,7,56,8,0,0,0,0,,,7,14.3,14.3,10.8,,137,
338,Eric Saubert,SFO,TE,30,8,2,0,0,0,0,0,0,0,,0,5,4,67,16.75,0,0,0,0,,,7,10.7,10.7,8.7,,61,
339,Blake Whiteheart,CLE,TE,24,4,0,0,0,0,0,0,0,0,,0,3,3,13,4.33,1,0,0,1,,,7,10.3,10.3,8.8,,60,
340,Tyler Badie,DEN,RB,24,3,0,0,0,0,0,0,11,86,7.82,0,3,3,-2,-0.67,0,1,1,0,,,6,9.4,10.4,7.9,,91,
341,DeeJay Dallas,ARI,RB,26,9,0,0,0,0,0,0,1,2,2,0,0,0,0,,0,1,0,1,,,6,6.2,6.2,6.2,,92,
342,Eric Gray,NYG,RB,25,9,0,0,0,0,0,0,12,26,2.17,0,7,6,69,11.5,0,2,2,0,,,6,11.5,13.5,8.5,,94,
343,C.J. Ham,MIN,FB,31,8,2,0,0,0,0,0,2,10,5,1,2,2,11,5.5,0,1,1,1,,,6,8.1,9.1,7.1,,93,
344,Xavier Hutchinson,HOU,WR,24,9,1,0,0,0,0,0,0,0,,0,13,5,64,12.8,0,0,0,0,,,6,11.4,11.4,8.9,,141,
345,Chris Manhertz,NYG,TE,32,9,5,0,0,0,0,0,0,0,,0,2,1,2,2,1,0,0,1,,,6,7.2,7.2,6.7,,63,
346,Quintin Morris,BUF,TE,25,9,1,0,0,0,0,0,0,0,,0,1,1,2,2,1,0,0,1,,,6,7.2,7.2,6.7,,64,
347,Jalen Reagor,LAC,WR,25,3,0,0,0,0,0,0,1,-1,-1,0,5,4,76,19,0,1,1,0,,,6,9.5,10.5,7.5,,142,
348,Luke Schoonmaker,DAL,TE,26,8,1,0,0,0,0,0,0,0,,0,10,8,56,7,0,0,0,0,,,6,13.6,13.6,9.6,,65,
349,Tyrod Taylor,NYJ,QB,35,1,0,6,8,36,1,0,1,7,7,0,0,0,0,,0,0,0,0,,,6,6.1,6.1,6.1,,48,
350,Jacob Cowing,SFO,WR,23,7,0,0,0,0,0,0,0,0,,0,3,2,50,25,0,1,0,0,,,5,7,7,6,,143,
351,Julian Hill,MIA,TE,24,7,5,0,0,0,0,0,0,0,,0,10,7,45,6.43,0,1,0,0,,,5,11.5,11.5,8,,68,
352,Charlie Jones,CIN,WR,26,8,0,0,0,0,0,0,0,0,,0,1,1,5,5,0,2,1,1,,,5,5.5,6.5,5,,145,
353,Kendre Miller,NOR,RB,22,2,0,0,0,0,0,0,9,52,5.78,0,3,2,1,0.5,0,0,0,0,,,5,7.3,7.3,6.3,,95,
354,Desmond Ridder,LVR,QB,25,2,0,11,16,74,1,0,1,2,2,0,0,0,0,,0,1,1,0,,,5,5.2,6.2,5.2,,49,
355,Ronnie Rivers,LAR,RB,25,8,0,0,0,0,0,0,10,51,5.1,0,1,1,0,0,0,0,0,0,,,5,6.1,6.1,5.6,,98,
356,Chris Rodriguez,WAS,RB,24,3,0,0,0,0,0,0,11,52,4.73,0,0,0,0,,0,0,0,0,,,5,5.2,5.2,5.2,,96,
357,Jeremy Ruckert,NYJ,TE,24,9,5,0,0,0,0,0,0,0,,0,14,10,50,5,0,0,0,0,,,5,15,15,10,,67,
358,Tyquan Thornton,NWE,WR,24,6,1,0,0,0,0,0,0,0,,0,8,4,47,11.75,0,0,0,0,,,5,8.7,8.7,6.7,,144,
359,Tommy Tremble,CAR,TE,24,5,5,0,0,0,0,0,0,0,,0,12,9,72,8,0,1,1,0,,,5,14.2,15.2,9.7,,66,
360,Jeff Wilson,MIA,RB,29,4,0,0,0,0,0,0,8,40,5,0,2,2,12,6,0,0,0,0,,,5,7.2,7.2,6.2,,97,
361,Treylon Burks,TEN,WR,24,5,2,0,0,0,0,0,2,1,0.5,0,8,4,34,8.5,0,0,0,0,,,4,7.5,7.5,5.5,,152,
362,Michael Burton,DEN,FB,32,9,1,0,0,0,0,0,2,-1,-0.5,0,5,5,40,8,0,0,0,0,,,4,8.9,8.9,6.4,,100,
363,Derius Davis,LAC,WR,24,6,1,0,0,0,0,0,5,31,6.2,0,2,1,8,8,0,0,0,0,,,4,4.9,4.9,4.4,,147,
364,D'Wayne Eskridge,MIA,WR,27,4,0,0,0,0,0,0,0,0,,0,2,2,36,18,0,0,0,0,,,4,5.6,5.6,4.6,,149,
365,Luke Farrell,JAX,TE,27,9,4,0,0,0,0,0,0,0,,0,8,6,36,6,0,0,0,0,,,4,9.6,9.6,6.6,,72,
366,Hunter Long,LAR,TE,26,8,1,0,0,0,0,0,0,0,,0,5,5,43,8.6,0,0,0,0,,,4,9.3,9.3,6.8,,69,
367,John Metchie,HOU,WR,24,6,0,0,0,0,0,0,0,0,,0,7,4,36,9,0,0,0,0,,,4,7.6,7.6,5.6,,150,
368,Brandon Powell,MIN,WR,29,8,1,0,0,0,0,0,0,0,,0,7,4,38,9.5,0,0,0,0,,,4,7.8,7.8,5.8,,148,
369,Ben Sims,GNB,TE,24,9,4,0,0,0,0,0,0,0,,0,4,3,40,13.33,0,0,0,0,,,4,7,7,5.5,,71,
370,Stone Smartt,LAC,TE,26,7,0,0,0,0,0,0,0,0,,0,3,2,41,20.5,0,0,0,0,,,4,6.1,6.1,5.1,,70,
371,Xavier Smith,LAR,WR,27,6,0,0,0,0,0,0,2,30,15,0,2,2,6,3,0,0,0,0,,,4,5.6,5.6,4.6,,151,
372,J.J. Taylor,HOU,RB,26,4,0,0,0,0,0,0,10,44,4.4,0,3,2,0,0,0,0,0,0,,,4,6.4,6.4,5.4,,99,
373,Patrick Taylor,SFO,RB,26,8,0,0,0,0,0,0,7,25,3.57,0,1,1,12,12,0,0,0,0,,,4,4.7,4.7,4.2,,101,
374,Dorian Thompson-Robinson,CLE,QB,25,1,0,11,24,82,0,2,3,44,14.67,0,0,0,0,,0,1,0,0,,,4,3.7,5.7,5.7,,50,
375,Cody White,SEA,WR,26,1,0,0,0,0,0,0,0,0,,0,3,2,44,22,0,0,0,0,,,4,6.4,6.4,5.4,,146,
376,Alex Bachman,LVR,WR,28,6,1,0,0,0,0,0,0,0,,0,3,3,31,10.33,0,0,0,0,,,3,6.1,6.1,4.6,,154,
377,John Bates,WAS,TE,27,9,3,0,0,0,0,0,0,0,,0,5,3,34,11.33,0,0,0,0,,,3,6.4,6.4,4.9,,73,
378,Daniel Bellinger,NYG,TE,24,9,3,0,0,0,0,0,0,0,,0,3,3,31,10.33,0,0,0,0,,,3,6.1,6.1,4.6,,74,
379,David Bell,CLE,WR,24,1,0,0,0,0,0,0,0,0,,0,3,3,27,9,0,0,0,0,,,3,5.7,5.7,4.2,,159,
380,Dalvin Cook,DAL,RB,29,2,0,0,0,0,0,0,8,20,2.5,0,1,1,10,10,0,0,0,0,,,3,4,4,3.5,,103,
381,Britain Covey,PHI,WR,27,3,0,0,0,0,0,0,0,0,,0,7,7,34,4.86,0,0,0,0,,,3,10.4,10.4,6.9,,153,
382,Greg Dulcich,DEN,TE,24,4,3,0,0,0,0,0,0,0,,0,12,5,28,5.6,0,0,0,0,,,3,7.8,7.8,5.3,,76,
383,Gerald Everett,CHI,TE,30,8,3,0,0,0,0,0,0,0,,0,11,7,30,4.29,0,0,0,0,,,3,10,10,6.5,,75,
384,Malik Heath,GNB,WR,24,7,1,0,0,0,0,0,0,0,,0,5,4,26,6.5,0,0,0,0,,,3,6.6,6.6,4.6,,160,
385,T.J. Hockenson,MIN,TE,27,1,1,0,0,0,0,0,0,0,,0,4,3,27,9,0,0,0,0,,,3,5.7,5.7,4.2,,77,
386,Tim Jones,JAX,WR,26,9,0,0,0,0,0,0,0,0,,0,4,2,30,15,0,0,0,0,,,3,5,5,4,,158,
387,Davis Mills,HOU,QB,26,2,0,7,13,79,0,0,0,0,,0,0,0,0,,0,0,0,0,,,3,3.2,3.2,3.2,,51,
388,Scott Miller,PIT,WR,27,8,0,0,0,0,0,0,0,0,,0,4,2,31,15.5,0,0,0,0,,,3,5.1,5.1,4.1,,155,
389,Marquez Valdes-Scantling,2TM,WR,30,7,1,0,0,0,0,0,0,0,,0,10,3,31,10.33,0,0,0,0,,,3,6.1,6.1,4.6,,156,
390,Deuce Vaughn,DAL,RB,23,5,0,0,0,0,0,0,7,20,2.86,0,3,2,14,7,0,0,0,0,,,3,5.4,5.4,4.4,,102,
391,Tylan Wallace,BAL,WR,25,9,0,0,0,0,0,0,0,0,,0,2,2,31,15.5,0,0,0,0,,,3,5.1,5.1,4.1,,157,
392,Malik Washington,MIA,WR,23,5,0,0,0,0,0,0,1,9,9,0,4,3,17,5.67,0,0,0,0,,,3,5.6,5.6,4.1,,161,
393,Odell Beckham Jr.,MIA,WR,32,4,0,0,0,0,0,0,0,0,,0,6,3,15,5,0,0,0,0,,,2,4.5,4.5,3,,164,
394,Ronnie Bell,SFO,WR,24,7,0,0,0,0,0,0,0,0,,0,6,2,22,11,0,0,0,0,,,2,4.2,4.2,3.2,,162,
395,Pharaoh Brown,SEA,TE,30,7,3,0,0,0,0,0,0,0,,0,5,3,19,6.33,0,0,0,0,,,2,4.9,4.9,3.4,,81,
396,Tanner Conner,MIA,TE,26,7,1,0,0,0,0,0,0,0,,0,4,3,16,5.33,0,0,0,0,,,2,4.6,4.6,3.1,,84,
397,Isaiah Davis,NYJ,RB,22,9,0,0,0,0,0,0,4,18,4.5,0,0,0,0,,0,0,0,0,,,2,1.8,1.8,1.8,,107,
398,Hassan Haskins,LAC,RB,25,8,0,0,0,0,0,0,8,18,2.25,0,0,0,0,,0,0,0,0,,,2,1.8,1.8,1.8,,108,
399,Travis Homer,CHI,RB,26,4,0,0,0,0,0,0,3,16,5.33,0,0,0,0,,0,0,0,0,,,2,1.6,1.6,1.6,,112,
400,Trenton Irwin,CIN,WR,29,5,2,0,0,0,0,0,0,0,,0,10,3,15,5,0,0,0,0,,,2,4.5,4.5,3,,165,
401,MarShawn Lloyd,GNB,RB,23,1,0,0,0,0,0,0,6,15,2.5,0,1,1,3,3,0,0,0,0,,,2,2.8,2.8,2.3,,109,
402,Drew Lock,NYG,QB,28,2,0,3,8,6,0,0,1,13,13,0,0,0,0,,0,2,0,0,,,2,1.5,1.5,1.5,,52,
403,Michael Mayer,LVR,TE,23,3,2,0,0,0,0,0,0,0,,0,7,4,21,5.25,0,0,0,0,,,2,6.1,6.1,4.1,,79,
404,Jase McClellan,ATL,RB,22,1,0,0,0,0,0,0,5,17,3.4,0,0,0,0,,0,0,0,0,,,2,1.7,1.7,1.7,,110,
405,Kenny McIntosh,SEA,RB,24,9,0,0,0,0,0,0,4,16,4,0,0,0,0,,0,0,0,0,,,2,1.6,1.6,1.6,,113,
406,Luke Musgrave,GNB,TE,24,4,2,0,0,0,0,0,0,0,,0,7,5,22,4.4,0,0,0,0,,,2,7.2,7.2,4.7,,78,
407,MyCole Pruitt,PIT,TE,32,4,2,0,0,0,0,0,0,0,,0,3,2,19,9.5,0,0,0,0,,,2,3.9,3.9,2.9,,82,
408,Craig Reynolds,DET,RB,28,8,0,0,0,0,0,0,9,24,2.67,0,0,0,0,,0,1,0,0,,,2,2.4,2.4,2.4,,104,
409,Aaron Shampklin,PIT,RB,25,3,0,0,0,0,0,0,6,17,2.83,0,0,0,0,,0,0,0,0,,,2,1.7,1.7,1.7,,111,
410,Durham Smythe,MIA,TE,29,8,2,0,0,0,0,0,0,0,,0,8,3,15,5,0,0,0,0,,,2,4.5,4.5,3,,85,
411,Brevyn Spann-Ford,DAL,TE,25,8,0,0,0,0,0,0,0,0,,0,6,2,20,10,0,0,0,0,,,2,4,4,3,,80,
412,Austin Trammell,JAX,WR,26,1,0,0,0,0,0,0,0,0,,0,3,2,40,20,0,1,1,0,,,2,4,5,3,,163,
413,Sione Vaki,DET,RB,23,7,0,0,0,0,0,0,1,5,5,0,1,1,17,17,0,0,0,0,,,2,3.2,3.2,2.7,,105,
414,Jonathan Ward,PIT,RB,27,4,0,0,0,0,0,0,5,22,4.4,0,0,0,0,,0,0,0,0,,,2,2.2,2.2,2.2,,106,
415,Charlie Woerner,ATL,TE,27,9,1,0,0,0,0,0,0,0,,0,3,2,17,8.5,0,0,0,0,,,2,3.7,3.7,2.7,,83,
416,Davis Allen,LAR,TE,23,6,0,0,0,0,0,0,0,0,,0,5,1,5,5,0,0,0,0,,,1,1.5,1.5,1,,99,
417,Kyle Allen,PIT,QB,28,1,0,1,1,19,0,0,0,0,,0,0,0,0,,0,0,0,0,,,1,0.8,0.8,0.8,,56,
418,Robbie Chosen,MIA,WR,31,2,0,0,0,0,0,0,0,0,,0,4,1,5,5,0,0,0,0,,,1,1.5,1.5,1,,178,
419,Mike Boone,CAR,RB,29,2,0,0,0,0,0,0,4,7,1.75,0,0,0,0,,0,0,0,0,,,1,0.7,0.7,0.7,,117,
420,Jamison Crowder,WAS,WR,31,2,0,0,0,0,0,0,0,0,,0,1,1,5,5,0,0,0,0,,,1,1.5,1.5,1,,179,
421,Jaelon Darden,CLE,WR,25,5,1,0,0,0,0,0,0,0,,0,1,1,6,6,0,0,0,0,,,1,1.6,1.6,1.1,,174,
422,Josiah Deguara,JAX,TE,27,7,0,0,0,0,0,0,0,0,,0,2,2,10,5,0,0,0,0,,,1,3,3,2,,89,
423,Grant Dubose,MIA,WR,23,2,0,0,0,0,0,0,0,0,,0,3,1,13,13,0,0,0,0,,,1,2.3,2.3,1.8,,167,
424,Payne Durham,TAM,TE,24,8,1,0,0,0,0,0,0,0,,0,1,1,8,8,0,0,0,0,,,1,1.8,1.8,1.3,,93,
425,Devin Duvernay,JAX,WR,27,5,0,0,0,0,0,0,3,10,3.33,0,1,1,-1,-1,0,0,0,0,,,1,1.9,1.9,1.4,,169,
426,Ryan Flournoy,DAL,WR,25,4,0,0,0,0,0,0,0,0,,0,3,2,25,12.5,0,1,1,0,,,1,2.5,3.5,1.5,,180,
427,Jody Fortson,KAN,TE,29,3,0,0,0,0,0,0,0,0,,0,3,1,5,5,0,0,0,0,,,1,1.5,1.5,1,,100,
428,Myles Gaskin,MIN,RB,27,5,0,0,0,0,0,0,3,-1,-0.33,0,1,1,11,11,0,0,0,0,,,1,2,2,1.5,,116,
429,Taylor Heinicke,LAC,QB,31,1,0,2,2,24,0,0,0,0,,0,0,0,0,,0,0,0,0,,,1,1,1,1,,53,
430,Peyton Hendershot,KAN,TE,25,2,0,0,0,0,0,0,0,0,,0,1,1,9,9,0,0,0,0,,,1,1.9,1.9,1.4,,91,
431,Isaiah Hodgins,NYG,WR,26,2,0,0,0,0,0,0,0,0,,0,1,1,5,5,0,0,0,0,,,1,1.5,1.5,1,,181,
432,Hendon Hooker,DET,QB,26,2,0,3,5,25,0,0,1,-1,-1,0,0,0,0,,0,0,0,0,,,1,0.9,0.9,0.9,,55,
433,Tanner Hudson,CIN,TE,30,5,0,0,0,0,0,0,0,0,,0,7,4,32,8,0,1,1,0,,,1,5.2,6.2,3.2,,86,
434,Jalin Hyatt,NYG,WR,23,8,2,0,0,0,0,0,0,0,,0,8,1,6,6,0,0,0,0,,,1,1.6,1.6,1.1,,175,
435,Terrell Jennings,NWE,RB,23,1,0,0,0,0,0,0,5,13,2.6,0,0,0,0,,0,0,0,0,,,1,1.3,1.3,1.3,,114,
436,Brandon Johnson,PIT,WR,26,3,0,0,0,0,0,0,0,0,,0,1,1,9,9,0,0,0,0,,,1,1.9,1.9,1.4,,170,
437,Brevin Jordan,HOU,TE,24,2,1,0,0,0,0,0,0,0,,0,3,2,7,3.5,0,0,0,0,,,1,2.7,2.7,1.7,,94,
438,Ramel Keyton,LVR,WR,24,1,0,0,0,0,0,0,0,0,,0,2,1,7,7,0,0,0,0,,,1,1.7,1.7,1.2,,173,
439,Will Mallory,IND,TE,25,6,0,0,0,0,0,0,0,0,,0,5,2,12,6,0,0,0,0,,,1,3.2,3.2,2.2,,87,
440,Tyreik McAllister,LVR,WR,26,3,0,0,0,0,0,0,2,11,5.5,0,0,0,0,,0,0,0,0,,,1,1.1,1.1,1.1,,168,
441,Nick Mullens,MIN,QB,29,2,0,1,1,24,0,0,1,0,0,0,0,0,0,,0,0,0,0,,,1,1,1,1,,54,
442,Michael Penix,ATL,QB,24,1,0,1,1,14,0,0,0,0,,0,0,0,0,,0,0,0,0,,,1,0.6,0.6,0.6,,57,
443,Kendric Pryor,CIN,WR,26,1,0,0,0,0,0,0,0,0,,0,1,1,9,9,0,0,0,0,,,1,1.9,1.9,1.4,,171,
444,Tip Reiman,ARI,TE,23,9,6,0,0,0,0,0,0,0,,0,2,2,6,3,0,0,0,0,,,1,2.6,2.6,1.6,,98,
445,John Ross,PHI,WR,29,1,0,0,0,0,0,0,0,0,,0,2,1,6,6,0,0,0,0,,,1,1.6,1.6,1.1,,176,
446,John Samuel Shenker,LVR,TE,26,5,0,0,0,0,0,0,0,0,,0,1,1,7,7,0,0,0,0,,,1,1.7,1.7,1.2,,95,
447,Will Shipley,PHI,RB,22,8,1,0,0,0,0,0,10,12,1.2,0,0,0,0,,0,0,0,0,,,1,1.2,1.2,1.2,,115,
448,Jack Stoll,PHI,TE,26,6,2,0,0,0,0,0,0,0,,0,3,2,10,5,0,0,0,0,,,1,3,3,2,,90,
449,Geoff Swaim,CLE,TE,31,7,1,0,0,0,0,0,0,0,,0,1,1,7,7,0,0,0,0,,,1,1.7,1.7,1.2,,96,
450,Eric Tomlinson,LAC,TE,32,8,1,0,0,0,0,0,0,0,,0,4,2,9,4.5,0,0,0,0,,,1,2.9,2.9,1.9,,92,
451,Casey Washington,ATL,WR,23,5,0,0,0,0,0,0,0,0,,0,1,1,14,14,0,0,0,0,,,1,2.4,2.4,1.9,,166,
452,Jared Wiley,KAN,TE,24,7,2,0,0,0,0,0,0,0,,0,1,1,7,7,0,0,0,0,,,1,1.7,1.7,1.2,,97,
453,Isaiah Williams,DET,WR,23,2,0,0,0,0,0,0,0,0,,0,3,2,6,3,0,0,0,0,,,1,2.6,2.6,1.6,,177,
454,Johnny Wilson,PHI,WR,23,8,2,0,0,0,0,0,0,0,,0,6,1,9,9,0,0,0,0,,,1,1.9,1.9,1.4,,172,
455,Kenny Yeboah,NYJ,TE,26,1,0,0,0,0,0,0,0,0,,0,1,1,12,12,0,0,0,0,,,1,2.2,2.2,1.7,,88,
456,Rasheen Ali,BAL,RB,23,1,0,0,0,0,0,0,0,0,,0,0,0,0,,0,0,0,0,,,,,,,,119,
457,Brandon Allen,SFO,QB,32,1,0,0,0,0,0,0,1,-1,-1,0,0,0,0,,0,0,0,0,,,,-0.1,-0.1,-0.1,,63,
458,Javon Baker,NWE,WR,22,4,0,0,0,0,0,0,0,0,,0,0,0,0,,0,0,0,0,,,,,,,,189,
459,Brenden Bates,NYJ,TE,25,5,0,0,0,0,0,0,0,0,,0,0,0,0,,0,0,0,0,,,,,,,,104,
460,Andrew Beck,GNB,FB,28,3,0,0,0,0,0,0,0,0,,0,1,0,0,,0,0,0,0,,,,,,,,120,
461,Jaheim Bell,NWE,TE,23,7,0,0,0,0,0,0,0,0,,0,1,1,1,1,0,0,0,0,,,,1.1,1.1,0.6,,103,
462,Braxton Berrios,MIA,WR,29,6,0,0,0,0,0,0,0,0,,0,4,0,0,,0,0,0,0,,,,,,,,190,
463,Raheem Blackshear,CAR,RB,25,9,0,0,0,0,0,0,0,0,,0,0,0,0,,0,1,0,0,,,,,,,,121,
464,Chris Blair,ATL,WR,27,1,0,0,0,0,0,0,0,0,,0,0,0,0,,0,0,0,0,,,,,,,,191,
465,Khari Blasingame,CHI,FB,28,2,0,0,0,0,0,0,0,0,,0,0,0,0,,0,0,0,0,,,,,,,,122,
466,Gary Brightwell,CLE,RB,25,2,0,0,0,0,0,0,0,0,,0,0,0,0,,0,0,0,0,,,,,,,,123,
467,British Brooks,HOU,RB,25,5,0,0,0,0,0,0,1,2,2,0,0,0,0,,0,0,0,0,,,,0.2,0.2,0.2,,118,
468,Jake Browning,CIN,QB,28,2,0,0,0,0,0,0,1,-1,-1,0,0,0,0,,0,0,0,0,,,,-0.1,-0.1,-0.1,,64,
469,Marquez Callaway,TAM,WR,26,1,0,0,0,0,0,0,0,0,,0,0,0,0,,0,0,0,0,,,,,,,,192,
470,Irvin Charles,NYJ,WR,27,9,0,0,0,0,0,0,0,0,,0,1,0,0,,0,0,0,0,,,,,,,,193,
471,Chris Collier,BAL,RB,24,5,0,0,0,0,0,0,0,0,,0,0,0,0,,0,0,0,0,,,,,,,,124,
472,Chris Conley,SFO,WR,32,7,1,0,0,0,0,0,0,0,,0,6,1,4,4,0,0,0,0,,,,1.4,1.4,0.9,,182,
473,Elijah Cooks,JAX,WR,26,1,0,0,0,0,0,0,0,0,,0,0,0,0,,0,0,0,0,,,,,,,,194,
474,Malachi Corley,NYJ,WR,22,5,0,0,0,0,0,0,1,18,18,0,1,1,4,4,0,1,1,0,,,,1.2,2.2,0.7,,186,
475,Devin Culp,TAM,TE,24,2,0,0,0,0,0,0,0,0,,0,0,0,0,,0,0,0,0,,,,,,,,105,
476,Jeff Driskel,WAS,QB,31,1,0,0,0,0,0,0,0,0,,0,0,0,0,,0,0,0,0,,,,,,,,60,
477,Ross Dwelley,ATL,TE,29,9,0,0,0,0,0,0,0,0,,0,0,0,0,,0,0,0,0,,,,,,,,106,
478,Erik Ezukanma,MIA,WR,24,1,0,0,0,0,0,0,0,0,,0,2,0,0,,0,0,0,0,,,,,,,,195,
479,Princeton Fant,DAL,TE,25,1,0,0,0,0,0,0,0,0,,0,0,0,0,,0,0,0,0,,,,,,,,107,
480,Anthony Firkser,NYJ,TE,29,4,0,0,0,0,0,0,0,0,,0,0,0,0,,0,0,0,0,,,,,,,,108,
481,John FitzPatrick,GNB,TE,24,2,0,0,0,0,0,0,0,0,,0,0,0,0,,0,0,0,0,,,,,,,,109,
482,Bryce Ford-Wheaton,NYG,WR,24,7,0,0,0,0,0,0,0,0,,0,0,0,0,,0,0,0,0,,,,,,,,196,
483,Feleipe Franks,CAR,TE,27,8,0,0,0,0,0,0,0,0,,0,1,0,0,,0,0,0,0,,,,,,,,110,
484,Reggie Gilliam,BUF,FB,27,8,0,0,0,0,0,0,0,0,,0,0,0,0,,0,0,0,0,,,,,,,,125,
485,Anthony Gould,IND,WR,23,3,0,0,0,0,0,0,0,0,,0,0,0,0,,0,0,0,0,,,,,,,,197,
486,Troy Hairston,HOU,FB,26,2,0,0,0,0,0,0,0,0,,0,0,0,0,,0,0,0,0,,,,,,,,126,
487,Deonte Harty,BAL,WR,27,5,0,0,0,0,0,0,0,0,,0,0,0,0,,0,0,0,0,,,,,,,,198,
488,Parker Hesse,DET,TE,29,5,1,0,0,0,0,0,0,0,,0,0,0,0,,0,0,0,0,,,,,,,,111,
489,George Holani,SEA,RB,25,1,0,0,0,0,0,0,0,0,,0,0,0,0,,0,0,0,0,,,,,,,,127,
490,Dallin Holker,NOR,TE,24,4,1,0,0,0,0,0,0,0,,0,0,0,0,,0,0,0,0,,,,,,,,112,
491,Sam Howell,SEA,QB,24,1,0,0,0,0,0,0,0,0,,0,0,0,0,,0,0,0,0,,,,,,,,59,
492,Evan Hull,IND,RB,24,1,0,0,0,0,0,0,0,0,,0,0,0,0,,0,0,0,0,,,,,,,,128,
493,Keaontay Ingram,KAN,RB,25,1,0,0,0,0,0,0,0,0,,0,0,0,0,,0,0,0,0,,,,,,,,129,
494,Jermaine Jackson,NOR,WR,24,3,0,0,0,0,0,0,1,-1,-1,0,0,0,0,,0,0,0,0,,,,-0.1,-0.1,-0.1,,225,
495,Jha'Quan Jackson,TEN,WR,24,8,0,0,0,0,0,0,1,-5,-5,0,3,1,8,8,0,3,0,0,,,,1.3,1.3,0.8,,183,
496,Trishton Jackson,MIN,WR,26,2,0,0,0,0,0,0,0,0,,0,0,0,0,,0,0,0,0,,,,,,,,199,
497,E.J. Jenkins,PHI,TE,26,3,0,0,0,0,0,0,0,0,,0,0,0,0,,0,0,0,0,,,,,,,,113,
498,Collin Johnson,CHI,WR,27,2,0,0,0,0,0,0,0,0,,0,0,0,0,,0,0,0,0,,,,,,,,200,
499,Jaylen Johnson,LAC,WR,24,1,0,0,0,0,0,0,0,0,,0,0,0,0,,0,0,0,0,,,,,,,,201,
,,,,,,,,,,,,,,,,,,,,,,,,,,,,,,,,